{
  "artifacts_plot_dir": "/Users/chancelavoie/Desktop/nn_pid_simulator/artifacts/plots/smoke_evaluation_v4",
  "classifier": {
    "ood_test": {
      "accuracy": 0.7421875,
      "f1": 0.791578947368421,
      "majority_accuracy": 0.6475694444444444,
      "majority_f1": 0.78609062170706,
      "precision": 0.8306332842415317,
      "recall": 0.7560321715817694
    },
    "test": {
      "accuracy": 0.7086419753086419,
      "f1": 0.7484008528784648,
      "majority_accuracy": 0.6481481481481481,
      "majority_f1": 0.7865168539325843,
      "precision": 0.8498789346246973,
      "recall": 0.6685714285714286
    }
  },
  "family_metrics_path": "family_metrics.csv",
  "feature_columns": [
    "num_0",
    "num_1",
    "num_2",
    "den_0",
    "den_1",
    "den_2",
    "den_3",
    "den_4",
    "dc_gain",
    "dominant_pole_mag",
    "mean_pole_mag",
    "plant_order",
    "plant_min_damping_ratio",
    "plant_max_oscillation_hz",
    "plant_pole_spread_log10",
    "plant_has_complex_poles",
    "kp",
    "ki",
    "kd",
    "log10_kp",
    "log10_ki",
    "log10_kd"
  ],
  "regressor": {
    "ood_test": {
      "knn_baseline_overshoot_pct_mae": 16.27942060018033,
      "knn_baseline_rise_time_mae": 0.953245979749851,
      "knn_baseline_settling_time_mae": 3.548451548451548,
      "knn_baseline_steady_state_error_mae": 0.14884607028965177,
      "knn_baseline_trajectory_mae": 0.23995169550100537,
      "knn_baseline_trajectory_rmse": 0.35380019040188865,
      "mean_baseline_overshoot_pct_mae": 25.731516347813542,
      "mean_baseline_rise_time_mae": NaN,
      "mean_baseline_settling_time_mae": NaN,
      "mean_baseline_steady_state_error_mae": 0.1743059828178333,
      "mean_baseline_trajectory_mae": 0.2833938557724531,
      "mean_baseline_trajectory_rmse": 0.3496281183583648,
      "n_stable_samples": 746,
      "overshoot_pct_defined_fraction": 1.0,
      "overshoot_pct_mae": 22.897842486486358,
      "rise_time_defined_fraction": 0.7319034852546917,
      "rise_time_mae": 1.5926421404682274,
      "settling_time_defined_fraction": 0.22654155495978553,
      "settling_time_mae": 6.4578899361508055,
      "steady_state_error_defined_fraction": 1.0,
      "steady_state_error_mae": 0.10572481877482609,
      "trajectory_mae": 0.16261674459967046,
      "trajectory_rmse": 0.24096231646660224
    },
    "test": {
      "knn_baseline_overshoot_pct_mae": 17.750710343557692,
      "knn_baseline_rise_time_mae": 1.0683694635376417,
      "knn_baseline_settling_time_mae": 3.4324122479462287,
      "knn_baseline_steady_state_error_mae": 0.1869385467978224,
      "knn_baseline_trajectory_mae": 0.2654111441798942,
      "knn_baseline_trajectory_rmse": 0.40609237123043923,
      "mean_baseline_overshoot_pct_mae": 29.48290111148168,
      "mean_baseline_rise_time_mae": NaN,
      "mean_baseline_settling_time_mae": NaN,
      "mean_baseline_steady_state_error_mae": 0.2495272747651925,
      "mean_baseline_trajectory_mae": 0.3517398148148148,
      "mean_baseline_trajectory_rmse": 0.428070297841581,
      "n_stable_samples": 1575,
      "overshoot_pct_defined_fraction": 1.0,
      "overshoot_pct_mae": 24.440760816846574,
      "rise_time_defined_fraction": 0.6780952380952381,
      "rise_time_mae": 1.1450248030347243,
      "settling_time_defined_fraction": 0.1580952380952381,
      "settling_time_mae": 7.959635566831969,
      "steady_state_error_defined_fraction": 1.0,
      "steady_state_error_mae": 0.1442714963898447,
      "trajectory_mae": 0.1845284019510582,
      "trajectory_rmse": 0.28145537034498336
    }
  },
  "sample_errors_path": "sample_errors.csv"
}