{
  "artifacts_plot_dir": "/Users/chancelavoie/Desktop/nn_pid_simulator/artifacts/plots/evaluation_v4",
  "classifier": {
    "ood_test": {
      "accuracy": 0.7624976124741714,
      "f1": 0.80337106918239,
      "majority_accuracy": 0.7225304301019256,
      "majority_f1": 0.8389174640696153,
      "precision": 0.999678010822414,
      "recall": 0.671507104448917
    },
    "test": {
      "accuracy": 0.7980164339624202,
      "f1": 0.8331526610046519,
      "majority_accuracy": 0.6882155758913441,
      "majority_f1": 0.8153171736115277,
      "precision": 0.9654064661106804,
      "recall": 0.7327685872238454
    }
  },
  "family_metrics_path": "family_metrics.csv",
  "feature_columns": [
    "num_0",
    "num_1",
    "num_2",
    "den_0",
    "den_1",
    "den_2",
    "den_3",
    "den_4",
    "dc_gain",
    "dominant_pole_mag",
    "mean_pole_mag",
    "plant_order",
    "plant_min_damping_ratio",
    "plant_max_oscillation_hz",
    "plant_pole_spread_log10",
    "plant_has_complex_poles",
    "kp",
    "ki",
    "kd",
    "log10_kp",
    "log10_ki",
    "log10_kd"
  ],
  "regressor": {
    "ood_test": {
      "knn_baseline_overshoot_pct_mae": 16.91666562679907,
      "knn_baseline_rise_time_mae": 0.6713158730776974,
      "knn_baseline_settling_time_mae": 3.45316644096103,
      "knn_baseline_steady_state_error_mae": 0.12725534048846784,
      "knn_baseline_trajectory_mae": 0.22095672791687945,
      "knn_baseline_trajectory_rmse": 0.3364275763844978,
      "mean_baseline_overshoot_pct_mae": 26.056069231673614,
      "mean_baseline_rise_time_mae": NaN,
      "mean_baseline_settling_time_mae": NaN,
      "mean_baseline_steady_state_error_mae": 0.1835439010662691,
      "mean_baseline_trajectory_mae": 0.2948194111449478,
      "mean_baseline_trajectory_rmse": 0.3603297413055677,
      "n_stable_samples": 166445,
      "overshoot_pct_defined_fraction": 1.0,
      "overshoot_pct_mae": 13.426959661225757,
      "rise_time_defined_fraction": 0.8609210249632011,
      "rise_time_mae": 0.21942356223733767,
      "settling_time_defined_fraction": 0.3763645648712788,
      "settling_time_mae": 4.831634319918301,
      "steady_state_error_defined_fraction": 1.0,
      "steady_state_error_mae": 0.079400406922149,
      "trajectory_mae": 0.09270697774133348,
      "trajectory_rmse": 0.16794350030022434
    },
    "test": {
      "knn_baseline_overshoot_pct_mae": 14.591867834364775,
      "knn_baseline_rise_time_mae": 0.9659163008735532,
      "knn_baseline_settling_time_mae": 2.871231308657698,
      "knn_baseline_steady_state_error_mae": 0.16708514067038518,
      "knn_baseline_trajectory_mae": 0.2364207510928693,
      "knn_baseline_trajectory_rmse": 0.371925878272081,
      "mean_baseline_overshoot_pct_mae": 26.00369184487867,
      "mean_baseline_rise_time_mae": NaN,
      "mean_baseline_settling_time_mae": NaN,
      "mean_baseline_steady_state_error_mae": 0.2594086072812663,
      "mean_baseline_trajectory_mae": 0.3574829315025755,
      "mean_baseline_trajectory_rmse": 0.43108572293992004,
      "n_stable_samples": 333011,
      "overshoot_pct_defined_fraction": 1.0,
      "overshoot_pct_mae": 10.24731497467741,
      "rise_time_defined_fraction": 0.6677316965505644,
      "rise_time_mae": 0.39973222148009047,
      "settling_time_defined_fraction": 0.24757740735291026,
      "settling_time_mae": 4.339435392982304,
      "steady_state_error_defined_fraction": 1.0,
      "steady_state_error_mae": 0.07821979294407291,
      "trajectory_mae": 0.09123849544736322,
      "trajectory_rmse": 0.17277626598930781
    }
  },
  "sample_errors_path": "sample_errors.csv"
}